date,min_level,avg_level,max_level
2020-10-07,-0.152,-0.152,-0.151
2020-10-08,-0.126,-0.102,-0.077
2020-10-09,-0.115,-0.082,-0.016
2020-10-10,-0.098,-0.092,-0.086
2020-10-11,-0.094,-0.079,-0.063
2020-10-12,-0.069,-0.060,-0.050
2020-10-13,-0.084,-0.050,-0.016
2020-10-14,-0.037,-0.036,-0.034
2020-10-15,-0.057,-0.047,-0.037
2020-10-16,-0.109,-0.081,-0.054
2020-10-17,-0.085,-0.069,-0.053
2020-10-18,-0.105,-0.086,-0.072
2020-10-19,-0.120,-0.086,-0.052
2020-10-20,-0.081,-0.072,-0.063
2020-10-21,-0.117,-0.117,-0.116
2020-10-22,-0.134,-0.096,-0.057
2020-10-23,-0.075,-0.048,-0.010
2020-10-24,-0.116,-0.094,-0.072
2020-10-25,-0.057,-0.046,-0.034
2020-10-26,-0.112,-0.030,0.064
2020-10-27,-0.091,-0.067,-0.042
2020-10-28,-0.093,-0.056,-0.019
2020-10-29,-0.220,-0.119,-0.035
2020-10-30,-0.260,-0.204,-0.157
2020-10-31,-0.239,-0.210,-0.181
2020-11-01,-0.252,-0.199,-0.156
2020-11-02,-0.254,-0.213,-0.145
2020-11-03,-0.260,-0.197,-0.153
2020-11-04,-0.264,-0.250,-0.239
2020-11-05,-0.238,-0.190,-0.150
2020-11-06,-0.270,-0.217,-0.175
2020-11-07,-0.286,-0.252,-0.217
2020-11-08,-0.255,-0.222,-0.201
2020-11-09,-0.281,-0.250,-0.219
2020-11-10,-0.216,-0.206,-0.196
2020-11-11,-0.365,-0.328,-0.291
2020-11-12,-0.455,-0.407,-0.384
2020-11-13,-0.413,-0.401,-0.388
2020-11-14,-0.421,-0.421,-0.421
2020-11-15,-0.449,-0.438,-0.426
2020-11-16,-0.463,-0.421,-0.368
2020-11-17,-0.465,-0.463,-0.461
2020-11-18,-0.461,-0.444,-0.426
2020-11-19,-0.463,-0.463,-0.462
2020-11-20,-0.456,-0.428,-0.400
2020-11-21,-0.472,-0.442,-0.411
2020-11-22,-0.478,-0.437,-0.396
2020-11-23,-0.463,-0.432,-0.400
2020-11-24,-0.427,-0.392,-0.356
2020-11-25,-0.430,-0.391,-0.351
2020-11-26,-0.444,-0.407,-0.370
2020-11-27,-0.455,-0.414,-0.384
2020-11-28,-0.435,-0.424,-0.413
2020-11-29,-0.445,-0.414,-0.383
2020-11-30,-0.451,-0.409,-0.384
2020-12-01,-0.437,-0.408,-0.379
2020-12-02,-0.463,-0.436,-0.409
2020-12-03,-0.468,-0.441,-0.413
2020-12-04,-0.451,-0.294,-0.037
2020-12-05,-0.369,0.225,0.856
2020-12-06,-0.196,0.135,0.352
2020-12-07,-0.390,0.080,0.337
2020-12-08,-0.553,-0.124,0.173
2020-12-09,-0.268,-0.112,0.040
2020-12-10,-0.261,-0.132,0.056
2020-12-11,-0.256,-0.154,-0.002
2020-12-12,-0.204,-0.021,0.208
2020-12-13,-0.187,-0.131,-0.032
2020-12-14,-0.582,-0.078,0.222
2020-12-15,-0.203,-0.152,-0.115
2020-12-16,-0.302,-0.202,-0.147
2020-12-17,-0.353,-0.233,-0.147
2020-12-18,-0.455,-0.372,-0.233
2020-12-19,-0.466,-0.315,-0.151
2020-12-20,-0.455,-0.452,-0.448
2020-12-21,-0.488,-0.369,-0.205
2020-12-22,-0.242,-0.140,0.080
2020-12-23,-0.213,0.186,0.358
2020-12-24,1.023,1.507,1.964
2020-12-25,0.715,1.449,1.831
2020-12-26,0.031,0.602,1.497
2020-12-27,0.088,0.472,1.141
2020-12-28,0.193,0.567,1.181
2020-12-29,-0.208,0.236,0.607
2020-12-30,-0.295,0.055,0.315
2020-12-31,-0.205,-0.128,0.096
2021-01-01,-0.278,-0.176,-0.109
2021-01-02,-0.388,-0.210,-0.138
2021-01-03,-0.547,-0.264,-0.149
2021-01-04,-0.578,-0.189,0.215
2021-01-05,-0.332,-0.043,0.246
2021-01-06,-0.244,-0.035,0.242
2021-01-07,-0.269,-0.027,0.248
2021-01-08,-0.223,-0.061,0.125
2021-01-09,-0.711,-0.359,0.020
2021-01-10,-0.674,-0.508,-0.217
2021-01-11,-0.749,-0.565,-0.331
2021-01-12,-0.653,-0.334,-0.143
2021-01-13,-0.476,-0.243,-0.149
2021-01-14,-0.756,0.487,2.242
2021-01-15,0.980,1.282,1.957
2021-01-16,0.812,1.335,2.271
2021-01-17,0.857,0.916,0.974
2021-01-18,0.495,0.765,0.993
2021-01-19,0.400,0.562,0.724
2021-01-20,0.734,1.072,1.837
2021-01-21,0.753,0.962,1.379
2021-01-22,0.934,1.192,1.698
2021-01-23,0.340,0.340,0.340
2021-01-24,0.195,0.440,0.993
2021-01-25,0.141,0.322,0.746
2021-01-26,-0.208,0.098,0.397
2021-01-27,-0.192,0.156,0.395
2021-01-28,-0.227,0.375,1.634
2021-01-29,0.920,1.864,2.290
2021-01-30,1.397,1.458,1.519
2021-01-31,0.693,0.717,0.741
2021-02-01,0.151,0.283,0.499
2021-02-02,0.007,0.254,0.550
2021-02-03,0.426,0.505,0.583
2021-02-04,0.587,0.774,0.961
2021-02-05,0.246,0.525,1.214
2021-02-06,0.243,0.550,0.920
2021-02-07,1.618,1.792,1.966
2021-02-08,1.808,1.965,2.122
2021-02-09,1.303,1.422,1.541
2021-02-10,0.893,0.976,1.059
2021-02-11,0.191,0.351,0.654
2021-02-12,-0.207,0.153,0.336
2021-02-13,-0.188,0.043,0.344
2021-02-14,-0.608,-0.305,-0.141
2021-02-15,-0.699,-0.133,0.348
2021-02-16,-0.220,0.163,0.580
2021-02-17,-0.196,0.143,0.585
2021-02-18,-0.229,0.015,0.320
2021-02-19,-0.283,0.080,0.386
2021-02-20,-0.309,-0.004,0.223
2021-02-21,-0.184,0.142,0.247
2021-02-22,-0.202,0.166,0.335
2021-02-23,-0.689,-0.230,0.139
2021-02-24,-0.785,-0.404,-0.222
2021-02-25,-0.695,-0.519,-0.320
2021-02-26,-0.716,-0.551,-0.396
2021-02-27,-0.468,-0.456,-0.443
2021-02-28,-0.420,-0.420,-0.420
2021-03-01,-0.509,-0.488,-0.467
2021-03-02,-0.560,-0.482,-0.404
2021-03-03,-0.496,-0.496,-0.496
2021-03-04,-0.572,-0.538,-0.503
2021-03-05,-0.578,-0.511,-0.390
2021-03-06,-0.599,-0.586,-0.572
2021-03-07,-0.437,-0.434,-0.431
2021-03-08,-0.388,-0.381,-0.373
2021-03-09,-0.439,-0.423,-0.406
2021-03-10,-0.406,-0.406,-0.406
2021-03-11,-0.417,-0.404,-0.390
2021-03-12,-0.583,-0.508,-0.461
2021-03-13,-0.500,-0.478,-0.456
2021-03-14,-0.547,-0.524,-0.501
2021-03-15,-0.540,-0.517,-0.493
2021-03-16,-0.554,-0.516,-0.439
2021-03-17,-0.566,-0.498,-0.441
2021-03-18,-0.559,-0.524,-0.493
2021-03-19,-0.555,-0.518,-0.457
2021-03-20,-0.558,-0.556,-0.554
2021-03-21,-0.568,-0.563,-0.558
2021-03-22,-0.553,-0.517,-0.481
2021-03-23,-0.406,-0.385,-0.363
2021-03-24,-0.396,-0.371,-0.345
2021-03-25,-0.443,-0.436,-0.428
2021-03-26,-0.411,-0.374,-0.337
2021-03-27,-0.463,-0.424,-0.385
2021-03-28,-0.411,-0.411,-0.411
2021-03-29,-0.471,-0.459,-0.447
2021-03-30,-0.486,-0.463,-0.440
2021-03-31,-0.462,-0.456,-0.449
2021-04-01,-0.464,-0.460,-0.455
2021-04-02,-0.465,-0.441,-0.393
2021-04-03,-0.470,-0.437,-0.403
2021-04-04,-0.460,-0.454,-0.448
2021-04-05,-0.360,-0.356,-0.351
2021-04-06,-0.290,-0.272,-0.253
2021-04-07,-0.327,-0.327,-0.327
2021-04-08,-0.402,-0.395,-0.387
2021-04-09,-0.463,-0.428,-0.413
2021-04-10,-0.451,-0.426,-0.400
2021-04-11,-0.431,-0.424,-0.416
2021-04-12,-0.494,-0.460,-0.425
2021-04-13,-0.408,-0.398,-0.387
2021-04-14,-0.299,-0.289,-0.278
2021-04-15,-0.227,-0.189,-0.149
2021-04-16,-0.132,-0.113,-0.097
2021-04-17,-0.045,-0.045,-0.045
2021-04-18,0.031,0.033,0.034
2021-04-19,0.084,0.097,0.109
2021-04-20,0.179,0.197,0.211
2021-04-21,0.237,0.247,0.254
2021-04-22,0.190,0.281,0.333
2021-04-23,0.183,0.183,0.183
2021-04-24,-0.007,0.068,0.142
2021-04-25,-0.088,-0.035,0.018
2021-04-26,-0.246,-0.174,-0.112
2021-04-27,-0.378,-0.329,-0.260
2021-04-28,-0.431,-0.423,-0.413
2021-04-29,-2.113,-2.113,-2.113
2021-04-30,-2.113,-1.493,-0.240
2021-05-01,-0.253,-0.243,-0.233
2021-05-02,-0.207,-0.185,-0.155
2021-05-03,-0.149,-0.132,-0.115
2021-05-04,-0.056,-0.041,-0.026
2021-05-05,0.031,0.036,0.041
2021-05-06,0.036,0.046,0.051
2021-05-07,0.036,0.048,0.055
2021-05-08,0.002,0.021,0.039
2021-05-09,0.067,0.092,0.117
2021-05-10,0.070,0.091,0.112
2021-05-11,-0.058,-0.025,0.008
2021-05-12,-0.011,0.033,0.064
2021-05-13,-0.145,-0.104,-0.063
2021-05-14,-0.197,-0.154,-0.097
2021-05-15,-0.274,-0.232,-0.196
2021-05-16,-0.297,-0.276,-0.255
2021-05-17,-2.113,-0.611,-0.206
2021-05-18,-2.113,-2.113,-2.112
2021-05-19,-2.113,-1.078,-0.034
2021-05-20,0.025,0.040,0.071
2021-05-21,-0.076,0.034,0.107
2021-05-22,0.055,0.086,0.116
2021-05-23,0.044,0.113,0.182
2021-05-24,0.026,0.107,0.137
2021-05-25,-0.003,0.067,0.136
2021-05-26,-0.018,0.043,0.104
2021-05-27,0.101,0.101,0.101
2021-05-28,0.029,0.036,0.043
2021-05-29,-0.091,0.009,0.109
2021-05-30,0.015,0.019,0.023
2021-05-31,-0.059,-0.042,-0.024
2021-06-01,0.041,0.048,0.055
2021-06-02,0.010,0.027,0.043
2021-06-03,0.042,0.071,0.099
2021-06-04,-0.007,0.031,0.076
2021-06-05,-0.039,0.041,0.120
2021-06-06,0.040,0.047,0.053
2021-06-07,0.090,0.095,0.099
2021-06-08,-0.052,0.077,0.145
2021-06-09,0.021,0.029,0.036
2021-06-10,0.075,0.080,0.084
2021-06-11,-0.046,0.057,0.117
2021-06-12,0.014,0.020,0.025
2021-06-13,0.071,0.072,0.072
2021-06-14,-0.066,0.020,0.106
2021-06-15,0.008,0.011,0.013
2021-06-16,0.070,0.071,0.072
2021-06-17,-0.001,0.018,0.036
2021-06-18,0.040,0.067,0.081
2021-06-19,-0.334,-0.026,0.221
2021-06-20,0.113,0.133,0.152
2021-06-21,0.037,0.074,0.111
2021-06-22,0.155,0.205,0.247
2021-06-23,-0.022,0.164,0.306
2021-06-24,-0.046,0.027,0.100
2021-06-25,0.012,0.048,0.095
2021-06-26,-0.043,-0.016,0.012
2021-06-27,-0.086,-0.028,0.083
2021-06-28,0.016,0.038,0.059
2021-06-29,-0.077,-0.040,-0.002
2021-06-30,-0.052,0.009,0.070
2021-07-01,0.015,0.028,0.040
2021-07-02,0.030,0.079,0.098
2021-07-03,0.005,0.027,0.049
2021-07-04,0.106,0.115,0.124
2021-07-05,0.004,0.027,0.050
2021-07-06,-0.016,0.061,0.137
2021-07-07,0.067,0.091,0.114
2021-07-08,-0.088,-0.060,-0.028
2021-07-09,-0.152,-0.114,-0.078
2021-07-10,-0.220,-0.193,-0.158
2021-07-11,-0.289,-0.264,-0.238
2021-07-12,-0.329,-0.311,-0.292
2021-07-13,-0.379,-0.352,-0.324
2021-07-14,-0.431,-0.384,-0.338
2021-07-15,-0.428,-0.402,-0.385
2021-07-16,-0.334,-0.315,-0.295
2021-07-17,-0.256,-0.254,-0.252
2021-07-18,-0.206,-0.202,-0.197
2021-07-19,-0.165,-0.157,-0.151
2021-07-20,-0.118,-0.117,-0.115
2021-07-21,-0.093,-0.082,-0.071
2021-07-22,-0.057,-0.047,-0.037
2021-07-23,-0.034,-0.017,-0.007
2021-07-24,-0.001,0.009,0.019
2021-07-25,0.036,0.040,0.044
2021-07-26,0.075,0.075,0.075
2021-07-27,-0.057,-0.003,0.099
2021-07-28,0.010,0.025,0.035
2021-07-29,-0.092,-0.012,0.068
2021-07-30,-0.030,-0.016,0.011
2021-07-31,0.055,0.065,0.074
2021-08-01,0.070,0.071,0.072
2021-08-02,0.073,0.090,0.107
2021-08-03,0.050,0.051,0.051
2021-08-04,-0.028,0.019,0.110
2021-08-05,-0.006,0.001,0.007
2021-08-06,0.023,0.048,0.076
2021-08-07,0.093,0.100,0.106
2021-08-08,0.136,0.149,0.162
2021-08-09,-0.059,0.054,0.167
2021-08-10,0.025,0.034,0.043
2021-08-11,0.066,0.068,0.069
2021-08-12,-0.080,0.007,0.093
2021-08-13,-0.017,-0.006,0.010
2021-08-14,0.032,0.037,0.042
2021-08-15,0.057,0.060,0.063
2021-08-16,0.085,0.085,0.085
2021-08-17,-0.018,-0.002,0.014
2021-08-18,0.037,0.051,0.064
2021-08-19,0.072,0.074,0.076
2021-08-20,-0.003,0.059,0.099
2021-08-21,0.033,0.039,0.044
2021-08-22,0.068,0.073,0.077
2021-08-23,-0.092,-0.039,0.100
2021-08-24,0.004,0.004,0.004
2021-08-25,0.044,0.044,0.044
2021-08-26,0.060,0.071,0.080
2021-08-27,0.081,0.086,0.089
2021-08-28,-0.051,-0.044,-0.036
2021-08-29,0.023,0.026,0.028
2021-08-30,0.047,0.053,0.059
2021-08-31,0.088,0.090,0.091
2021-09-01,-0.007,0.030,0.067
2021-09-02,0.025,0.031,0.035
2021-09-03,0.041,0.052,0.059
2021-09-04,0.056,0.068,0.079
2021-09-05,0.056,0.076,0.095
2021-09-06,-0.069,0.018,0.104
2021-09-07,-0.036,-0.022,-0.008
2021-09-08,0.011,0.022,0.032
2021-09-09,0.070,0.070,0.070
2021-09-10,-0.086,0.049,0.097
2021-09-11,-0.013,-0.006,0.002
2021-09-12,0.013,0.019,0.024
2021-09-13,0.026,0.038,0.046
2021-09-14,0.072,0.100,0.111
2021-09-15,0.064,0.078,0.092
2021-09-16,0.046,0.079,0.111
2021-09-17,0.072,0.078,0.081
2021-09-18,-0.043,0.033,0.108
2021-09-19,-0.004,0.004,0.009
2021-09-20,0.025,0.030,0.035
2021-09-21,0.038,0.047,0.055
2021-09-22,0.067,0.070,0.073
2021-09-23,-2.113,-0.766,0.166
2021-09-24,-2.113,-0.644,0.162
2021-09-25,-0.024,-0.024,-0.023
2021-09-26,0.004,0.006,0.008
2021-09-27,-0.078,-0.026,0.027
2021-09-28,-0.025,-0.004,0.036
2021-09-29,0.030,0.072,0.111
2021-09-30,0.017,0.097,0.130
2021-10-01,-0.039,0.008,0.049
2021-10-02,0.030,0.052,0.090
2021-10-03,-0.082,0.034,0.127
2021-10-04,0.010,0.047,0.069
2021-10-05,-0.085,0.055,0.173
2021-10-06,-0.087,0.067,0.187
2021-10-07,-0.094,0.054,0.153
2021-10-08,0.034,0.070,0.093
2021-10-09,-0.086,0.068,0.154
2021-10-10,0.009,0.031,0.055
2021-10-11,0.059,0.073,0.094
2021-10-12,0.000,0.096,0.124
2021-10-13,0.032,0.061,0.092
2021-10-14,0.072,0.109,0.128
2021-10-15,-0.019,0.020,0.047
2021-10-16,0.049,0.071,0.098
2021-10-17,-0.060,0.039,0.112
2021-10-18,0.000,0.028,0.045
2021-10-19,0.048,0.072,0.093
2021-10-20,-0.086,0.038,0.130
2021-10-21,-0.078,-0.014,0.048
2021-10-22,-0.079,-0.004,0.058
2021-10-23,-0.084,-0.035,0.005
2021-10-24,-0.049,-0.028,0.008
2021-10-25,-0.227,-0.040,0.053
2021-10-26,-0.235,-0.114,-0.064
2021-10-27,-2.113,-0.194,-0.107
2021-10-28,-0.334,-0.165,-0.092
2021-10-29,-0.298,-0.257,-0.218
2021-10-30,-0.273,-0.240,-0.198
2021-10-31,-0.273,-0.240,-0.176
2021-11-01,-0.363,-0.304,-0.244
2021-11-02,-0.643,-0.536,-0.423
2021-11-03,-0.640,-0.587,-0.532
2021-11-04,-0.636,-0.574,-0.515
2021-11-05,-0.633,-0.570,-0.501
2021-11-06,-0.638,-0.557,-0.499
2021-11-07,-0.636,-0.560,-0.482
2021-11-08,-0.636,-0.563,-0.502
2021-11-09,-0.642,-0.545,-0.486
2021-11-10,-0.632,-0.551,-0.518
2021-11-11,-0.619,-0.570,-0.540
2021-11-12,-0.643,-0.579,-0.526
2021-11-13,-0.642,-0.557,-0.503
2021-11-14,-0.635,-0.580,-0.521
2021-11-15,-0.681,-0.593,-0.538
2021-11-16,-0.593,-0.560,-0.538
2021-11-17,-0.659,-0.602,-0.531
2021-11-18,-0.638,-0.587,-0.540
2021-11-19,-0.642,-0.584,-0.514
2021-11-20,-0.631,-0.578,-0.540
2021-11-21,-0.639,-0.563,-0.501
2021-11-22,-0.635,-0.569,-0.518
2021-11-23,-0.624,-0.558,-0.499
2021-11-24,-0.642,-0.560,-0.518
2021-11-25,-0.578,-0.542,-0.499
2021-11-26,-0.637,-0.594,-0.519
2021-11-27,-0.555,-0.516,-0.480
2021-11-28,-0.643,-0.528,-0.408
2021-11-29,-0.645,-0.582,-0.504
2021-11-30,-0.626,-0.561,-0.507
2021-12-01,-0.642,-0.553,-0.436
2021-12-02,-0.634,-0.569,-0.502
2021-12-03,-0.642,-0.583,-0.524
2021-12-04,-0.642,-0.575,-0.511
2021-12-05,-0.645,-0.578,-0.527
2021-12-06,-0.555,-0.551,-0.539
2021-12-07,-0.662,-0.603,-0.536
2021-12-08,-0.690,-0.622,-0.536
2021-12-09,-0.700,-0.574,-0.477
2021-12-10,-0.693,-0.536,-0.436
2021-12-11,-0.727,-0.414,-0.232
2021-12-12,-0.693,-0.494,-0.370
2021-12-13,-0.695,-0.522,-0.374
2021-12-14,-0.681,-0.493,-0.360
2021-12-15,-0.685,-0.578,-0.483
2021-12-16,-0.693,-0.610,-0.523
2021-12-17,-0.688,-0.622,-0.558
2021-12-18,-0.679,-0.640,-0.590
2021-12-19,-0.685,-0.632,-0.590
2021-12-20,-0.689,-0.623,-0.584
2021-12-21,-0.688,-0.638,-0.584
2021-12-22,-0.687,-0.649,-0.594
2021-12-23,-0.688,-0.624,-0.578
2021-12-24,-0.698,-0.621,-0.560
2021-12-25,-0.688,-0.600,-0.526
2021-12-26,-0.701,-0.574,-0.467
2021-12-27,-0.689,-0.254,-0.056
2021-12-28,-0.535,-0.086,0.155
2021-12-29,-0.380,0.010,0.425
2021-12-30,-0.476,-0.060,0.276
2021-12-31,-0.167,0.032,0.148
2022-01-01,-0.710,-0.350,-0.114
2022-01-02,-0.719,-0.420,-0.234
2022-01-03,-0.705,-0.412,0.000
2022-01-04,-0.691,-0.461,-0.302
2022-01-05,-0.686,-0.481,-0.313
2022-01-06,-0.708,-0.546,-0.378
2022-01-07,-0.686,-0.561,-0.465
2022-01-08,-0.678,-0.572,-0.460
2022-01-09,-0.690,-0.504,-0.416
2022-01-10,-0.698,-0.483,-0.354
2022-01-11,-0.668,-0.502,-0.428
2022-01-12,-0.697,-0.498,-0.362
2022-01-13,-0.665,-0.501,-0.391
2022-01-14,-0.688,-0.527,-0.424
2022-01-15,-0.678,-0.566,-0.477
2022-01-16,-0.698,-0.572,-0.480
2022-01-17,-0.684,-0.580,-0.475
2022-01-18,-0.692,-0.600,-0.518
2022-01-19,-0.679,-0.604,-0.508
2022-01-20,-0.687,-0.578,-0.486
2022-01-21,-0.684,-0.618,-0.534
2022-01-22,-0.683,-0.618,-0.549
2022-01-23,-0.679,-0.625,-0.563
2022-01-24,-0.678,-0.616,-0.565
2022-01-25,-0.675,-0.616,-0.569
2022-01-26,-0.675,-0.605,-0.564
2022-01-27,-0.675,-0.576,-0.522
2022-01-28,-0.683,-0.599,-0.536
2022-01-29,-0.676,-0.624,-0.548
2022-01-30,-0.698,-0.600,-0.512
2022-01-31,-0.682,-0.625,-0.555
2022-02-01,-0.686,-0.644,-0.563
2022-02-02,-0.679,-0.639,-0.571
2022-02-03,-0.598,-0.537,-0.473
2022-02-04,-0.595,-0.537,-0.451
2022-02-05,-0.589,-0.532,-0.460
2022-02-06,-0.600,-0.519,-0.430
2022-02-07,-0.566,-0.518,-0.488
2022-02-08,-0.589,-0.467,-0.402
2022-02-09,-0.588,-0.531,-0.473
2022-02-10,-0.569,-0.496,-0.456
2022-02-11,-0.538,-0.500,-0.464
2022-02-12,-0.562,-0.520,-0.482
2022-02-13,-0.577,-0.518,-0.477
2022-02-14,-0.581,-0.520,-0.448
2022-02-15,-0.589,-0.511,-0.414
2022-02-16,-0.586,-0.394,-0.128
2022-02-17,-0.588,-0.395,-0.167
2022-02-18,-0.604,-0.405,-0.167
2022-02-19,-0.487,-0.191,-0.016
2022-02-20,-0.504,-0.149,0.091
2022-02-21,-0.244,0.133,0.397
2022-02-22,-0.308,0.058,0.450
2022-02-23,-0.497,-0.114,0.182
2022-02-24,-0.356,-0.095,0.043
2022-02-25,-0.404,-0.106,0.058
2022-02-26,-0.599,-0.373,-0.180
2022-02-27,-0.584,-0.453,-0.329
2022-02-28,-0.592,-0.465,-0.351
2022-03-01,-0.605,-0.474,-0.338
2022-03-02,-0.593,-0.473,-0.340
2022-03-03,-0.590,-0.546,-0.487
2022-03-04,-0.594,-0.464,-0.304
2022-03-05,-0.592,-0.453,-0.309
2022-03-06,-0.606,-0.434,-0.287
2022-03-07,-0.614,-0.420,-0.242
2022-03-08,-0.601,-0.403,-0.278
2022-03-09,-0.600,-0.439,-0.327
2022-03-10,-0.592,-0.433,-0.311
2022-03-11,-0.558,-0.416,-0.343
2022-03-12,-0.552,-0.429,-0.356
2022-03-13,-0.497,-0.410,-0.350
2022-03-14,-0.590,-0.481,-0.382
2022-03-15,-0.589,-0.502,-0.399
2022-03-16,-0.590,-0.515,-0.445
2022-03-17,-0.586,0.128,0.764
2022-03-18,-0.287,0.197,0.641
2022-03-19,-0.623,-0.169,0.135
2022-03-20,-0.684,-0.309,-0.035
2022-03-21,-0.631,-0.370,-0.133
2022-03-22,-0.603,-0.424,-0.232
2022-03-23,-0.599,-0.451,-0.307
2022-03-24,-0.585,-0.456,-0.348
2022-03-25,-0.583,-0.446,-0.343
2022-03-26,-0.589,-0.462,-0.366
2022-03-27,-0.588,-0.480,-0.407
2022-03-28,-0.583,-0.502,-0.418
2022-03-29,-0.551,-0.439,-0.355
2022-03-30,-0.336,-0.263,-0.186
2022-03-31,-0.286,-0.223,-0.155
2022-04-01,-0.122,-0.091,-0.062
2022-04-02,-0.005,0.055,0.090
2022-04-03,-0.090,-0.009,0.037
2022-04-04,-0.046,0.049,0.108
2022-04-05,-0.122,0.026,0.129
2022-04-06,-0.084,0.034,0.119
2022-04-07,-0.358,0.019,0.189
2022-04-08,-0.070,-0.018,0.006
2022-04-09,0.034,0.081,0.113
2022-04-10,0.044,0.078,0.095
2022-04-11,-0.283,-0.024,0.156
2022-04-12,0.004,0.037,0.072
2022-04-13,-0.409,-0.051,0.145
2022-04-14,-0.132,-0.020,0.022
2022-04-15,0.015,0.049,0.083
2022-04-16,0.079,0.108,0.131
2022-04-17,0.137,0.177,0.203
2022-04-18,0.204,0.230,0.251
2022-04-19,0.254,0.293,0.323
2022-04-20,-0.401,0.256,0.406
2022-04-21,-0.037,0.007,0.148
2022-04-22,-0.051,-0.017,0.070
2022-04-23,0.003,0.026,0.060
2022-04-24,-0.041,0.033,0.114
2022-04-25,-0.032,0.030,0.091
2022-04-26,-0.037,0.021,0.083
2022-04-27,-0.045,0.021,0.082
2022-04-28,0.023,0.043,0.054
2022-04-29,0.000,0.022,0.041
2022-04-30,-0.037,0.028,0.079
2022-05-01,-0.045,0.021,0.083
2022-05-02,0.019,0.034,0.064
2022-05-03,-0.035,0.011,0.061
2022-05-04,-0.035,0.022,0.063
2022-05-05,-0.032,0.012,0.073
2022-05-06,-0.046,0.047,0.094
2022-05-07,0.006,0.026,0.046
2022-05-08,-0.034,0.007,0.064
2022-05-09,-0.040,0.054,0.090
2022-05-10,0.006,0.043,0.077
2022-05-11,-0.005,0.027,0.067
2022-05-12,-0.013,0.019,0.054
2022-05-13,-0.031,0.021,0.077
2022-05-14,-0.015,0.011,0.028
2022-05-15,0.012,0.034,0.055
2022-05-16,-0.036,0.036,0.114
2022-05-17,-0.037,0.011,0.064
2022-05-18,-0.004,0.018,0.039
2022-05-19,-0.048,0.005,0.066
2022-05-20,-0.035,0.030,0.064
2022-05-21,-0.039,0.030,0.058
2022-05-22,0.006,0.032,0.056
2022-05-23,-0.011,0.012,0.020
2022-05-24,-0.022,0.012,0.061
2022-05-25,-0.030,0.022,0.062
2022-05-26,0.011,0.039,0.059
2022-05-27,-0.031,0.015,0.077
2022-05-28,-0.007,0.008,0.021
2022-05-29,0.029,0.042,0.054
2022-05-30,-0.035,0.000,0.020
2022-05-31,-0.035,0.028,0.075
2022-06-01,-0.039,0.001,0.035
2022-06-02,-0.061,0.020,0.077
2022-06-03,-0.017,0.010,0.035
2022-06-04,0.021,0.038,0.051
2022-06-05,-0.036,0.033,0.101
2022-06-06,-0.040,0.032,0.107
2022-06-07,-0.045,0.047,0.144
2022-06-08,-0.040,0.051,0.125
2022-06-09,-0.044,0.031,0.085
2022-06-10,-0.033,0.019,0.095
2022-06-11,-0.037,0.017,0.086
2022-06-12,-0.036,0.010,0.068
2022-06-13,0.004,0.018,0.043
2022-06-14,-0.048,0.028,0.090
2022-06-15,0.001,0.023,0.052
2022-06-16,-0.033,0.009,0.055
2022-06-17,-0.061,0.020,0.070
2022-06-18,-0.018,0.006,0.026
2022-06-19,-0.029,0.005,0.073
2022-06-20,-0.024,0.046,0.080
2022-06-21,-0.001,0.029,0.056
2022-06-22,-0.039,0.011,0.073
2022-06-23,0.007,0.026,0.044
2022-06-24,-0.043,0.025,0.078
2022-06-25,0.002,0.025,0.041
2022-06-26,-0.041,0.014,0.076
2022-06-27,-0.013,0.013,0.034
2022-06-28,0.025,0.040,0.063
2022-06-29,-0.076,0.040,0.081
2022-06-30,-0.091,0.039,0.066
2022-07-01,-0.052,0.034,0.087
2022-07-02,-0.016,0.010,0.037
2022-07-03,-0.044,0.026,0.069
2022-07-04,-0.068,0.008,0.047
2022-07-05,-0.059,0.022,0.048
2022-07-06,-0.035,0.031,0.064
2022-07-07,-0.027,-0.008,0.021
2022-07-08,0.009,0.025,0.038
2022-07-09,0.017,0.040,0.057
2022-07-10,-0.057,-0.005,0.070
2022-07-11,-0.016,0.002,0.017
2022-07-12,0.012,0.031,0.043
2022-07-13,-0.076,0.011,0.066
2022-07-14,-0.020,0.001,0.023
2022-07-15,0.017,0.032,0.054
2022-07-16,-0.083,0.019,0.063
2022-07-17,-0.030,-0.010,0.017
2022-07-18,-0.022,0.016,0.039
2022-07-19,-0.007,0.020,0.036
2022-07-20,0.021,0.036,0.066
2022-07-21,0.033,0.047,0.059
2022-07-22,0.038,0.055,0.061
2022-07-23,-0.035,0.015,0.068
2022-07-24,0.006,0.033,0.054
2022-07-25,-0.034,0.016,0.064
2022-07-26,-0.023,-0.005,0.013
2022-07-27,-0.051,0.002,0.029
2022-07-28,-0.023,0.007,0.028
2022-07-29,-0.011,0.016,0.037
2022-07-30,0.020,0.036,0.060
2022-07-31,-0.047,0.034,0.092
2022-08-01,-0.010,0.013,0.040
2022-08-02,-0.038,0.021,0.061
2022-08-03,-0.018,0.002,0.027
2022-08-04,-0.006,0.010,0.034
2022-08-05,0.002,0.020,0.035
2022-08-06,0.009,0.030,0.049
2022-08-07,0.022,0.040,0.057
2022-08-08,0.006,0.037,0.055
2022-08-09,-0.043,0.017,0.063
2022-08-10,-0.029,-0.001,0.015
2022-08-11,-0.029,0.007,0.028
2022-08-12,-0.032,0.009,0.034
2022-08-13,-0.032,0.018,0.044
2022-08-14,-0.022,0.020,0.049
2022-08-15,-0.039,0.022,0.070
2022-08-16,-0.029,-0.006,0.023
2022-08-17,0.002,0.037,0.069
2022-08-18,-0.037,0.025,0.087
2022-08-19,0.072,0.095,0.121
2022-08-20,0.114,0.138,0.165
2022-08-21,0.148,0.159,0.174
2022-08-22,0.160,0.175,0.189
2022-08-23,0.187,0.201,0.216
2022-08-24,0.131,0.190,0.245
2022-08-25,-0.007,0.048,0.093
2022-08-26,-0.174,-0.092,-0.015
2022-08-27,-0.369,-0.246,-0.182
2022-08-28,-0.569,-0.439,-0.365
2022-08-29,-0.765,-0.625,-0.579
2022-08-30,-0.672,-0.648,-0.622
2022-08-31,-0.604,-0.586,-0.569
2022-09-01,-2.113,-0.568,-0.528
2022-09-02,-0.523,-0.503,-0.473
2022-09-03,-0.473,-0.462,-0.436
2022-09-04,-0.451,-0.435,-0.410
2022-09-05,-0.432,-0.411,-0.390
2022-09-06,-0.397,-0.373,-0.346
2022-09-07,-0.358,-0.339,-0.318
2022-09-08,-0.327,-0.306,-0.286
2022-09-09,-0.292,-0.273,-0.255
2022-09-10,-0.251,-0.238,-0.215
2022-09-11,-0.224,-0.206,-0.181
2022-09-12,-0.195,-0.181,-0.163
2022-09-13,-0.189,-0.166,-0.140
2022-09-14,-0.173,-0.145,-0.125
2022-09-15,-0.143,-0.130,-0.109
2022-09-16,-0.144,-0.116,-0.095
2022-09-17,-0.129,-0.100,-0.082
2022-09-18,-0.101,-0.084,-0.063
2022-09-19,-0.082,-0.072,-0.063
2022-09-20,-2.113,-0.786,-0.052
2022-09-21,-2.113,-0.942,-0.036
2022-09-22,-2.113,-0.567,-0.009
2022-09-23,-0.040,-0.017,0.005
2022-09-24,-0.033,-0.006,0.018
2022-09-25,0.001,0.016,0.030
2022-09-26,0.029,0.037,0.045
2022-09-27,0.040,0.049,0.057
2022-09-28,0.047,0.061,0.074
2022-09-29,0.063,0.071,0.078
2022-09-30,0.085,0.098,0.122
2022-10-01,0.141,0.143,0.145
2022-10-02,0.136,0.145,0.153
2022-10-03,0.163,0.168,0.173
2022-10-04,0.182,0.187,0.192
2022-10-05,0.207,0.223,0.244
2022-10-06,0.220,0.228,0.242
2022-10-07,0.217,0.223,0.227
2022-10-08,0.212,0.224,0.235
2022-10-09,0.223,0.229,0.235
2022-10-10,0.175,0.213,0.262
2022-10-11,0.176,0.202,0.229
2022-10-12,0.211,0.223,0.245
2022-10-13,0.225,0.229,0.238
2022-10-14,0.228,0.233,0.238
2022-10-15,0.235,0.255,0.303
2022-10-16,0.245,0.267,0.295
2022-10-17,0.279,0.295,0.314
2022-10-18,0.236,0.281,0.308
2022-10-19,0.254,0.277,0.297
2022-10-20,0.286,0.305,0.317
2022-10-21,0.191,0.272,0.362
2022-10-22,0.175,0.175,0.175
2022-10-23,0.193,0.210,0.239
2022-10-24,0.094,0.163,0.225
2022-10-25,0.108,0.176,0.243
2022-10-26,0.104,0.160,0.213
2022-10-27,0.149,0.173,0.200
2022-10-28,0.127,0.163,0.213
2022-10-29,0.169,0.174,0.179
2022-10-30,0.130,0.140,0.150
2022-10-31,-0.028,0.066,0.160
2022-11-01,-0.037,0.027,0.075
2022-11-02,-0.141,-0.071,-0.023
2022-11-03,-0.193,-0.168,-0.152
2022-11-04,-0.180,-0.125,-0.099
2022-11-05,-0.402,-0.350,-0.322
2022-11-06,-0.396,-0.370,-0.343
2022-11-07,-0.558,-0.448,-0.337
2022-11-08,-0.641,-0.593,-0.533
2022-11-09,-0.607,-0.591,-0.574
2022-11-10,-0.637,-0.553,-0.481
2022-11-11,-0.565,-0.553,-0.540
2022-11-12,-0.604,-0.590,-0.576
2022-11-13,-0.610,-0.572,-0.538
2022-11-14,-0.632,-0.576,-0.503
2022-11-15,-0.639,-0.586,-0.507
2022-11-16,-0.635,-0.579,-0.523
2022-11-17,-0.625,-0.429,-0.183
2022-11-18,-0.166,-0.064,0.068
2022-11-19,-0.130,0.040,0.112
2022-11-20,-0.346,-0.215,-0.150
2022-11-21,-0.482,-0.418,-0.353
2022-11-22,-0.372,-0.152,0.078
2022-11-23,-0.249,-0.149,-0.013
2022-11-24,-0.196,-0.159,-0.135
2022-11-25,-0.559,-0.233,0.004
2022-11-26,-0.479,-0.265,-0.151
2022-11-27,-0.652,-0.429,-0.268
2022-11-28,-0.639,-0.464,-0.230
2022-11-29,-0.605,-0.311,-0.191
2022-11-30,-0.652,-0.612,-0.571
2022-12-01,-0.634,-0.504,-0.374
2022-12-02,-0.466,-0.450,-0.420
2022-12-03,-0.639,-0.520,-0.430
2022-12-04,-0.481,-0.470,-0.459
2022-12-05,-0.439,-0.438,-0.437
2022-12-06,-0.610,-0.467,-0.347
2022-12-07,-0.667,-0.449,-0.264
2022-12-08,-0.645,-0.447,-0.299
2022-12-09,-0.653,-0.509,-0.367
2022-12-10,-0.550,-0.535,-0.520
2022-12-11,-0.645,-0.575,-0.447
2022-12-12,-0.640,-0.572,-0.458
2022-12-13,-0.643,-0.562,-0.498
2022-12-14,-0.626,-0.595,-0.563
2022-12-15,-0.615,-0.594,-0.572
2022-12-16,-0.641,-0.570,-0.459
2022-12-17,-0.546,-0.496,-0.474
2022-12-18,-0.547,-0.521,-0.504
2022-12-19,-0.495,-0.481,-0.467
2022-12-20,-0.529,-0.460,-0.391
2022-12-21,-0.460,-0.096,0.112
2022-12-22,-0.510,-0.127,0.085
2022-12-23,-0.522,-0.242,-0.154
2022-12-24,-0.341,0.141,0.418
2022-12-25,-0.232,0.084,0.322
2022-12-26,-0.381,0.017,0.254
2022-12-27,-0.598,-0.290,-0.149
2022-12-28,-0.704,-0.333,-0.089
2022-12-29,-0.660,-0.296,-0.050
2022-12-30,-0.544,-0.148,0.065
2022-12-31,-0.509,-0.169,-0.002
2023-01-01,-0.397,-0.041,0.158
2023-01-02,-0.311,0.034,0.362
2023-01-03,-0.209,0.024,0.244
2023-01-04,-0.543,-0.170,0.072
2023-01-05,-0.193,-0.062,0.203
2023-01-06,-0.599,-0.169,0.048
2023-01-07,-0.599,-0.189,0.027
2023-01-08,-0.561,-0.142,0.126
2023-01-09,-0.342,-0.009,0.197
2023-01-10,-0.488,-0.141,0.025
2023-01-11,-0.339,0.102,0.503
2023-01-12,-0.081,0.193,0.596
2023-01-13,-0.181,0.154,0.332
2023-01-14,-0.238,0.166,0.360
2023-01-15,0.160,0.292,0.400
2023-01-16,0.024,0.403,0.848
2023-01-17,-0.105,0.279,0.669
2023-01-18,-0.210,0.097,0.370
2023-01-19,-0.180,-0.100,0.130
2023-01-20,-0.750,-0.461,-0.150
2023-01-21,-1.180,-0.849,-0.660
2023-01-22,-0.639,-0.539,-0.394
2023-01-23,-0.656,-0.539,-0.415
2023-01-24,-0.648,-0.522,-0.407
2023-01-25,-2.110,-0.729,-0.420
2023-01-26,-0.600,-0.600,-0.600
2023-01-27,-0.647,-0.523,-0.428
2023-01-28,-0.649,-0.514,-0.429
2023-01-29,-0.610,-0.555,-0.500
2023-01-30,-0.461,-0.419,-0.369
2023-01-31,-0.422,-0.378,-0.349
2023-02-01,-0.547,-0.363,-0.282
2023-02-02,-0.664,-0.485,-0.374
2023-02-03,-0.632,-0.500,-0.437
2023-02-04,-0.636,-0.556,-0.467
2023-02-05,-0.660,-0.569,-0.467
2023-02-06,-0.646,-0.570,-0.468
2023-02-07,-0.641,-0.600,-0.540
2023-02-08,-0.600,-0.595,-0.590
2023-02-09,-0.644,-0.569,-0.493
2023-02-10,-0.652,-0.576,-0.489
2023-02-11,-0.620,-0.610,-0.600
2023-02-12,-0.620,-0.620,-0.620
2023-02-13,-0.610,-0.580,-0.520
2023-02-14,-0.630,-0.625,-0.620
2023-02-15,-0.641,-0.561,-0.509
2023-02-16,-0.633,-0.539,-0.459
2023-02-17,-0.605,-0.552,-0.512
2023-02-18,-0.560,-0.525,-0.490
2023-02-19,-0.600,-0.585,-0.570
2023-02-20,-0.633,-0.583,-0.495
2023-02-21,-0.641,-0.565,-0.492
2023-02-22,-0.641,-0.581,-0.510
2023-02-23,-0.633,-0.600,-0.526
2023-02-24,-0.644,-0.586,-0.512
2023-02-25,-0.610,-0.605,-0.600
2023-02-26,-0.610,-0.585,-0.560
2023-02-27,-0.620,-0.620,-0.620
2023-02-28,-0.580,-0.575,-0.570
2023-03-01,-0.490,-0.485,-0.480
2023-03-02,-0.632,-0.534,-0.465
2023-03-03,-0.590,-0.570,-0.550
2023-03-04,-0.570,-0.565,-0.560
2023-03-05,-0.560,-0.560,-0.560
2023-03-06,-0.641,-0.592,-0.524
2023-03-07,-0.599,-0.579,-0.539
2023-03-08,-0.600,-0.570,-0.540
2023-03-09,-0.643,-0.570,-0.480
2023-03-10,-0.677,-0.337,0.266
2023-03-11,-0.360,0.046,0.500
2023-03-12,-0.600,0.043,0.310
2023-03-13,-0.770,-0.498,-0.150
2023-03-14,-0.570,-0.180,0.010
2023-03-15,-0.450,-0.260,-0.150
2023-03-16,-0.300,-0.285,-0.270
2023-03-17,-0.320,-0.210,-0.150
2023-03-18,-0.340,-0.305,-0.270
2023-03-19,-0.667,-0.514,-0.327
2023-03-20,-0.637,-0.476,-0.313
2023-03-21,-0.380,-0.360,-0.340
2023-03-22,-0.280,-0.165,0.010
2023-03-23,-0.370,-0.238,-0.150
2023-03-24,-0.683,-0.439,-0.165
2023-03-25,-0.630,-0.595,-0.560
2023-03-26,-0.600,-0.600,-0.600
2023-03-27,-0.641,-0.467,-0.332
2023-03-28,-0.656,-0.508,-0.399
2023-03-29,-0.558,-0.412,-0.312
2023-03-30,-0.423,-0.296,-0.200
2023-03-31,-0.240,-0.063,0.068
2023-04-01,-0.150,0.043,0.150
2023-04-02,-0.564,-0.166,0.111
2023-04-03,-0.280,-0.187,-0.130
2023-04-04,-0.043,0.043,0.147
2023-04-05,-0.005,0.019,0.059
2023-04-06,0.030,0.045,0.060
2023-04-07,-0.035,0.029,0.115
2023-04-08,-0.010,0.010,0.030
2023-04-09,-0.020,-0.005,0.010
2023-04-10,-0.043,0.030,0.124
2023-04-11,-0.040,-0.015,0.010
2023-04-12,-0.020,-0.015,-0.010
2023-04-13,-0.030,0.110,0.250
2023-04-14,-0.020,0.043,0.150
2023-04-15,0.200,0.200,0.200
2023-04-16,-0.046,0.116,0.318
2023-04-17,0.100,0.200,0.240
2023-04-18,0.050,0.085,0.120
2023-04-19,-0.042,0.041,0.125
2023-04-20,0.000,0.040,0.080
2023-04-21,-0.030,0.010,0.050
2023-04-22,0.010,0.030,0.050
2023-04-23,-0.037,0.032,0.138
2023-04-24,0.000,0.005,0.010
2023-04-25,-0.020,0.000,0.020
2023-04-26,-0.030,-0.015,0.000
2023-04-27,-0.020,0.005,0.030
2023-04-28,-0.030,0.023,0.060
2023-04-29,0.040,0.070,0.100
2023-04-30,-0.033,0.025,0.069
2023-05-01,-0.032,0.038,0.099
2023-05-02,-0.036,0.038,0.108
2023-05-03,0.030,0.038,0.050
2023-05-04,0.030,0.045,0.060
2023-05-05,-0.020,-0.008,0.020
2023-05-06,-0.029,0.014,0.070
2023-05-07,-0.037,0.023,0.076
2023-05-08,0.000,0.035,0.070
2023-05-09,-0.020,-0.010,0.000
2023-05-10,-0.010,-0.010,-0.010
2023-05-11,-0.020,0.000,0.030
2023-05-12,-0.030,0.037,0.140
2023-05-13,-0.030,-0.025,-0.020
2023-05-14,-0.037,0.030,0.076
2023-05-15,0.060,0.070,0.080
2023-05-16,0.010,0.035,0.060
2023-05-17,0.031,0.048,0.071
2023-05-18,-0.010,0.035,0.080
2023-05-19,-0.010,0.037,0.080
2023-05-20,0.010,0.010,0.010
2023-05-21,0.000,0.015,0.030
2023-05-22,0.000,0.015,0.030
2023-05-23,0.000,0.015,0.030
2023-05-24,-0.020,-0.010,0.000
2023-05-25,-0.030,-0.020,-0.010
2023-05-26,-0.035,0.024,0.061
2023-05-27,-0.020,-0.015,-0.010
2023-05-28,-0.020,-0.005,0.010
2023-05-29,-0.020,0.020,0.060
2023-05-30,0.000,0.031,0.063
2023-05-31,-0.033,0.018,0.073
2023-06-01,0.000,0.030,0.060
2023-06-02,-0.040,0.023,0.070
2023-06-03,0.030,0.040,0.050
2023-06-04,0.000,0.000,0.000
2023-06-05,-0.034,0.035,0.085
2023-06-06,0.030,0.040,0.050
2023-06-07,-0.030,-0.015,0.000
2023-06-08,0.020,0.025,0.030
2023-06-09,-0.044,0.006,0.093
2023-06-10,0.023,0.055,0.063
2023-06-11,-0.035,0.035,0.079
2023-06-12,0.004,0.038,0.061
2023-06-13,-0.040,0.016,0.096
2023-06-14,0.030,0.040,0.050
2023-06-15,-0.032,0.041,0.063
2023-06-16,-0.030,-0.005,0.010
2023-06-17,-0.030,0.015,0.060
2023-06-18,0.020,0.025,0.030
2023-06-19,-0.036,-0.010,0.024
2023-06-20,-0.020,0.015,0.050
2023-06-21,-0.050,-0.010,0.030
2023-06-22,0.000,0.005,0.010
2023-06-23,-0.030,0.008,0.040
2023-06-24,-0.050,0.000,0.050
2023-06-25,0.010,0.020,0.030
2023-06-26,0.000,0.005,0.010
2023-06-27,-0.030,0.015,0.060
2023-06-28,0.020,0.025,0.030
2023-06-29,0.000,0.040,0.080
2023-06-30,0.020,0.043,0.060
2023-07-01,0.010,0.030,0.050
2023-07-02,-0.030,0.020,0.070
2023-07-03,0.020,0.030,0.040
2023-07-04,-0.050,0.000,0.050
2023-07-05,-0.006,0.019,0.042
2023-07-06,-0.060,-0.010,0.040
2023-07-07,-0.030,-0.015,0.000
2023-07-08,0.010,0.015,0.020
2023-07-09,-0.040,0.005,0.050
2023-07-10,-0.004,0.018,0.036
2023-07-11,0.000,0.030,0.060
2023-07-12,0.019,0.046,0.075
2023-07-13,0.010,0.015,0.020
2023-07-14,-0.085,0.029,0.059
2023-07-15,-0.036,0.015,0.062
2023-07-16,-0.036,0.012,0.044
2023-07-17,0.000,0.030,0.060
2023-07-18,0.030,0.040,0.050
2023-07-19,-0.020,-0.015,-0.010
2023-07-20,-0.050,-0.005,0.040
2023-07-21,0.000,0.023,0.040
2023-07-22,-0.020,0.015,0.050
2023-07-23,-0.040,0.005,0.050
2023-07-24,-0.040,-0.005,0.030
2023-07-25,-0.030,0.005,0.040
2023-07-26,-0.037,0.026,0.079
2023-07-27,0.050,0.055,0.060
2023-07-28,0.040,0.067,0.080
2023-07-29,0.020,0.055,0.090
2023-07-30,0.010,0.040,0.070
2023-07-31,0.023,0.050,0.069
2023-08-01,0.020,0.025,0.030
2023-08-02,-0.030,0.005,0.040
2023-08-03,0.020,0.025,0.030
2023-08-04,-0.020,0.010,0.040
2023-08-05,-0.030,0.015,0.060
2023-08-06,-0.020,0.020,0.060
2023-08-07,-0.040,-0.030,-0.020
2023-08-08,-0.040,0.010,0.060
2023-08-09,-0.030,0.010,0.050
2023-08-10,0.030,0.035,0.040
2023-08-11,0.010,0.030,0.050
2023-08-12,0.020,0.035,0.050
2023-08-13,-0.036,0.021,0.071
2023-08-14,0.030,0.045,0.060
2023-08-15,-0.034,0.018,0.047
2023-08-16,-0.070,-0.010,0.050
2023-08-17,-0.030,-0.010,0.010
2023-08-18,0.020,0.023,0.030
2023-08-19,-0.030,0.015,0.060
2023-08-20,0.010,0.010,0.010
2023-08-21,-0.040,0.000,0.040
2023-08-22,0.000,0.010,0.020
2023-08-23,-0.050,-0.010,0.030
2023-08-24,0.010,0.010,0.010
2023-08-25,0.026,0.037,0.061
2023-08-26,0.040,0.050,0.060
2023-08-27,0.040,0.050,0.060
2023-08-28,0.010,0.010,0.010
2023-08-29,0.040,0.040,0.040
2023-08-30,-0.010,0.030,0.070
2023-08-31,0.010,0.015,0.020
2023-09-01,0.020,0.027,0.030
2023-09-02,-0.060,-0.005,0.050
2023-09-03,-0.013,0.017,0.043
2023-09-04,-0.010,0.005,0.020
2023-09-05,-0.010,0.015,0.040
2023-09-06,-0.020,0.015,0.050
2023-09-07,-0.010,0.005,0.020
2023-09-08,0.030,0.050,0.060
2023-09-09,-0.030,0.010,0.050
2023-09-10,0.020,0.030,0.040
2023-09-11,-0.010,0.030,0.070
2023-09-12,0.020,0.035,0.050
2023-09-13,0.020,0.035,0.050
2023-09-14,0.000,0.020,0.040
2023-09-15,-0.040,0.027,0.070
2023-09-16,-0.010,0.005,0.020
2023-09-17,0.030,0.035,0.040
2023-09-18,0.000,0.020,0.040
2023-09-19,-0.020,0.020,0.060
2023-09-20,0.000,0.020,0.040
2023-09-21,-0.020,0.015,0.050
2023-09-22,-0.020,0.033,0.130
2023-09-23,-0.002,0.052,0.077
2023-09-24,0.030,0.045,0.060
2023-09-25,0.020,0.025,0.030
2023-09-26,-0.010,0.030,0.070
2023-09-27,-0.020,0.020,0.060
2023-09-28,0.040,0.040,0.040
2023-09-29,-0.020,0.007,0.030
2023-09-30,0.030,0.030,0.030
2023-10-01,0.000,0.015,0.030
2023-10-02,-0.030,0.010,0.050
2023-10-03,-0.030,-0.015,0.000
2023-10-04,-0.030,-0.005,0.020
2023-10-05,-0.020,0.000,0.020
2023-10-06,-0.010,0.025,0.040
2023-10-07,0.040,0.040,0.040
2023-10-08,0.000,0.005,0.010
2023-10-09,0.030,0.035,0.040
2023-10-10,-0.020,0.020,0.060
2023-10-11,0.030,0.035,0.040
2023-10-12,-0.020,0.030,0.100
2023-10-13,0.030,0.047,0.070
2023-10-14,0.120,0.198,0.250
2023-10-15,0.090,0.195,0.250
2023-10-16,0.040,0.060,0.080
2023-10-17,0.010,0.020,0.030
2023-10-18,-0.200,-0.117,0.010
2023-10-19,-0.490,-0.179,-0.030
2023-10-20,-0.430,0.094,0.460
2023-10-21,1.090,1.125,1.160
2023-10-22,0.990,1.007,1.030
2023-10-23,1.040,1.055,1.070
2023-10-24,1.060,1.165,1.270
2023-10-25,0.920,1.055,1.190
2023-10-26,0.230,0.535,0.850
2023-10-27,0.210,0.369,0.680
2023-10-28,0.220,0.340,0.560
2023-10-29,0.090,0.244,0.470
2023-10-30,0.080,0.253,0.540
2023-10-31,0.080,0.262,0.500
2023-11-01,0.050,0.223,0.460
2023-11-02,0.050,0.236,0.460
2023-11-03,0.400,0.610,0.980
2023-11-04,0.310,0.365,0.420
2023-11-05,0.390,0.455,0.520
2023-11-06,0.200,0.328,0.510
2023-11-07,0.080,0.234,0.490
2023-11-08,-0.190,0.105,0.480
2023-11-09,-0.200,0.015,0.250
2023-11-10,-0.190,-0.064,0.110
2023-11-11,-0.300,-0.190,-0.110
2023-11-12,-0.740,-0.580,-0.350
2023-11-13,-0.730,-0.695,-0.560
2023-11-14,-0.740,-0.683,-0.590
2023-11-15,-0.740,-0.704,-0.610
2023-11-16,-0.870,-0.752,-0.710
2023-11-17,-0.910,-0.767,-0.690
2023-11-18,-1.190,-0.739,-0.140
2023-11-19,-0.450,0.047,0.330
2023-11-20,-0.190,0.049,0.310
2023-11-21,-0.210,0.017,0.310
2023-11-22,-2.110,-0.732,-0.120
2023-11-23,-2.110,-0.550,-0.070
2023-11-24,-2.110,-0.381,-0.050
2023-11-25,-0.750,-0.594,-0.260
2023-11-26,-1.210,-0.829,-0.620
2023-11-27,-1.200,-0.324,0.410
2023-11-28,-0.160,0.268,0.900
2023-11-29,0.020,0.265,0.710
2023-11-30,-0.200,0.141,0.380
2023-12-01,-0.230,0.075,0.330
2023-12-02,-0.570,-0.111,0.320
2023-12-03,-0.710,-0.315,-0.150
2023-12-04,-0.570,0.111,0.390
2023-12-05,0.800,0.860,0.920
2023-12-06,0.870,0.870,0.870
2023-12-07,0.250,0.470,0.800
2023-12-08,0.890,1.067,1.400
2023-12-09,1.400,1.485,1.570
2023-12-10,1.720,1.810,1.900
2023-12-11,1.720,1.775,1.830
2023-12-12,1.470,1.490,1.510
2023-12-13,1.380,1.460,1.540
2023-12-14,0.850,0.950,1.050
2023-12-15,0.200,0.371,0.580
2023-12-16,-0.010,0.181,0.350
2023-12-17,-0.270,0.071,0.330
2023-12-18,-0.290,-0.012,0.250
2023-12-19,-0.210,0.107,0.350
2023-12-20,-0.020,0.181,0.390
2023-12-21,-0.190,0.158,0.570
2023-12-22,0.090,0.274,0.710
2023-12-23,-0.200,0.093,0.390
2023-12-24,-0.200,-0.132,0.000
2023-12-25,-0.220,-0.163,-0.070
2023-12-26,-0.750,-0.603,-0.310
2023-12-27,-0.770,-0.410,0.120
2023-12-28,-0.160,0.141,0.340
2023-12-29,0.510,0.510,0.510
2023-12-30,0.050,0.170,0.310
2023-12-31,-0.320,0.131,0.580
2024-01-01,0.420,0.430,0.440
2024-01-02,0.570,0.980,1.700
2024-01-03,1.490,1.604,1.900
2024-01-04,1.220,1.335,1.450
2024-01-05,1.217,1.710,2.156
2024-01-06,0.750,1.053,1.210
2024-01-07,1.170,1.255,1.340
2024-01-08,0.990,1.110,1.230
2024-01-09,0.210,0.518,0.960
2024-01-10,-0.035,0.400,0.757
2024-01-11,-0.200,0.148,0.320
2024-01-12,-0.230,-0.018,0.240
2024-01-13,-0.480,-0.147,0.075
2024-01-14,-0.340,-0.225,-0.160
2024-01-15,-0.159,-0.017,0.055
2024-01-16,-0.750,-0.520,-0.200
2024-01-17,-0.760,-0.634,-0.330
2024-01-18,-0.740,-0.580,-0.410
2024-01-19,-0.420,-0.338,-0.290
2024-01-20,-0.350,-0.315,-0.280
2024-01-21,-0.646,-0.434,-0.276
2024-01-22,-0.390,-0.270,-0.150
2024-01-23,-0.300,-0.255,-0.210
2024-01-24,-0.390,-0.345,-0.300
2024-01-25,-0.671,-0.479,-0.302
2024-01-26,-0.630,-0.487,-0.400
2024-01-27,-0.510,-0.505,-0.500
2024-01-28,-0.540,-0.520,-0.500
2024-01-29,-0.530,-0.448,-0.340
2024-01-30,-0.630,-0.605,-0.580
2024-01-31,-0.640,-0.635,-0.630
2024-02-01,-0.600,-0.585,-0.570
2024-02-02,-0.654,-0.474,-0.370
2024-02-03,-0.461,-0.365,-0.333
2024-02-04,-0.631,-0.400,-0.267
2024-02-05,-0.622,-0.414,-0.296
2024-02-06,-0.639,-0.428,-0.310
2024-02-07,-0.250,-0.220,-0.190
2024-02-08,-0.768,-0.327,0.016
2024-02-09,-0.325,0.801,1.849
2024-02-10,0.767,1.339,2.295
2024-02-11,0.702,1.516,2.295
2024-02-12,0.889,1.527,2.295
2024-02-13,0.558,1.164,1.826
2024-02-14,0.475,0.996,1.659
2024-02-15,0.229,0.832,1.585
2024-02-16,0.159,0.666,1.188
2024-02-17,-0.048,0.538,1.139
2024-02-18,0.081,0.856,1.750
2024-02-19,0.909,1.507,2.134
2024-02-20,0.443,1.011,1.664
2024-02-21,0.295,0.709,1.055
2024-02-22,0.100,0.463,1.330
2024-02-23,0.960,1.680,2.130
2024-02-24,0.840,1.177,1.460
2024-02-25,0.200,0.420,0.800
2024-02-26,0.020,0.243,0.450
2024-02-27,-0.190,0.064,0.310
2024-02-28,-0.459,-0.113,0.224
2024-02-29,-0.602,-0.172,0.105
2024-03-01,-0.501,-0.134,0.159
2024-03-02,-0.407,-0.048,0.302
2024-03-03,-0.403,-0.074,0.290
2024-03-04,-0.368,-0.051,0.199
2024-03-05,-0.416,-0.106,0.196
2024-03-06,-0.354,-0.062,0.115
2024-03-07,-0.603,-0.210,-0.015
2024-03-08,-0.622,-0.279,-0.083
2024-03-09,-0.730,-0.288,-0.160
2024-03-10,-0.840,-0.630,-0.440
2024-03-11,-0.787,-0.156,0.272
2024-03-12,-0.667,-0.175,0.435
2024-03-13,-0.402,0.069,0.563
2024-03-14,-0.455,0.004,0.476
2024-03-15,-0.574,-0.148,0.331
2024-03-16,-0.594,-0.194,0.118
2024-03-17,-0.607,-0.174,0.098
2024-03-18,-0.287,0.093,0.481
2024-03-19,-0.249,0.045,0.341
2024-03-20,-0.301,0.013,0.240
2024-03-21,-0.508,-0.175,0.011
2024-03-22,-0.558,-0.163,0.012
2024-03-23,-0.633,-0.265,-0.033
2024-03-24,-0.749,-0.376,-0.187
2024-03-25,-0.854,-0.492,-0.331
2024-03-26,-0.877,-0.607,-0.397
2024-03-27,-0.852,-0.566,-0.404
2024-03-28,-0.858,-0.560,-0.367
2024-03-29,-0.874,-0.534,-0.270
2024-03-30,-0.869,-0.495,-0.264
2024-03-31,-0.794,-0.449,-0.305
2024-04-01,-0.557,-0.353,-0.283
2024-04-02,-0.406,-0.207,-0.095
2024-04-03,-0.365,-0.194,-0.068
2024-04-04,-0.341,-0.190,-0.056
2024-04-05,-0.559,-0.202,-0.045
2024-04-06,-0.704,-0.286,-0.079
2024-04-07,-0.940,-0.451,-0.195
2024-04-08,-0.862,-0.515,-0.361
2024-04-09,-0.872,-0.580,-0.368
2024-04-10,-0.848,-0.662,-0.521
2024-04-11,-0.842,-0.644,-0.495
2024-04-12,-0.431,-0.330,-0.264
2024-04-13,-0.176,-0.104,-0.049
2024-04-14,-0.034,0.040,0.119
2024-04-15,-0.036,0.055,0.140
2024-04-16,0.025,0.072,0.104
2024-04-17,-0.021,0.051,0.099
2024-04-18,-0.027,0.037,0.092
2024-04-19,-0.019,0.033,0.084
2024-04-20,-0.039,0.039,0.098
2024-04-21,-0.016,0.038,0.071
2024-04-22,-0.041,0.017,0.083
2024-04-23,-0.029,0.018,0.063
2024-04-24,-0.040,0.018,0.095
2024-04-25,-0.042,0.008,0.062
2024-04-26,-0.040,0.019,0.055
2024-04-27,-0.042,0.026,0.062
2024-04-28,-0.059,0.097,0.299
2024-04-29,-0.350,0.093,0.310
2024-04-30,-0.010,-0.005,0.000
2024-05-01,0.000,0.000,0.000
2024-05-02,0.020,0.045,0.070
2024-05-03,0.100,0.117,0.150
2024-05-04,0.090,0.105,0.120
2024-05-05,0.030,0.055,0.080
2024-05-06,0.000,0.030,0.060
2024-05-07,0.010,0.025,0.040
2024-05-08,-0.010,0.010,0.030
2024-05-09,-0.040,0.015,0.070
2024-05-10,-0.030,0.020,0.060
2024-05-11,0.000,0.010,0.020
2024-05-12,-0.020,0.015,0.050
2024-05-13,-0.010,-0.010,-0.010
2024-05-14,-0.030,-0.005,0.020
2024-05-15,0.000,0.000,0.000
2024-05-16,0.010,0.045,0.080
2024-05-17,0.110,0.188,0.240
2024-05-18,0.180,0.200,0.220
2024-05-19,0.070,0.110,0.150
2024-05-20,0.030,0.065,0.100
2024-05-21,0.060,0.095,0.130
2024-05-22,0.080,0.179,0.270
2024-05-23,-0.200,0.121,0.370
2024-05-24,-0.010,0.057,0.110
2024-05-25,0.040,0.040,0.040
2024-05-26,0.000,0.010,0.020
2024-05-27,0.010,0.030,0.050
2024-05-28,-0.010,-0.005,0.000
2024-05-29,-0.010,-0.010,-0.010
2024-05-30,-0.030,-0.015,0.000
2024-05-31,-0.030,0.013,0.090
2024-06-01,0.060,0.060,0.060
2024-06-02,0.030,0.055,0.080
2024-06-03,0.040,0.060,0.080
2024-06-04,0.050,0.060,0.070
2024-06-05,0.030,0.035,0.040
2024-06-06,0.000,0.020,0.040
2024-06-07,0.010,0.047,0.080
2024-06-08,-0.020,0.010,0.040
2024-06-09,-0.010,0.030,0.070
2024-06-10,-0.030,-0.020,-0.010
2024-06-11,-0.020,0.010,0.040
2024-06-12,-0.030,0.005,0.040
2024-06-13,-0.030,0.010,0.050
2024-06-14,-0.010,-0.010,-0.010
2024-06-15,0.020,0.040,0.060
2024-06-16,0.040,0.050,0.060
2024-06-17,0.050,0.080,0.110
2024-06-18,0.020,0.060,0.100
2024-06-19,-0.020,0.035,0.090
2024-06-20,-0.020,0.030,0.080
2024-06-21,0.000,0.040,0.080
2024-06-22,-0.020,0.025,0.070
2024-06-23,-0.030,0.015,0.060
2024-06-24,0.050,0.065,0.080
2024-06-25,-0.020,0.000,0.020
2024-06-26,-0.030,-0.010,0.010
2024-06-27,-0.020,-0.005,0.010
2024-06-28,-0.020,0.030,0.070
2024-06-29,0.000,0.005,0.010
2024-06-30,0.010,0.015,0.020
2024-07-01,0.010,0.035,0.060
2024-07-02,0.000,0.030,0.060
2024-07-03,0.000,0.025,0.050
2024-07-04,-0.020,0.020,0.060
2024-07-05,0.010,0.030,0.050
2024-07-06,0.010,0.010,0.010
2024-07-07,-0.010,0.025,0.060
2024-07-08,-0.050,0.005,0.060
2024-07-09,-0.020,0.015,0.050
2024-07-10,-0.040,-0.025,-0.010
2024-07-11,-0.020,-0.020,-0.020
2024-07-12,-0.020,0.033,0.060
2024-07-13,-0.020,0.010,0.040
2024-07-14,-0.030,0.005,0.040
2024-07-15,0.000,0.020,0.040
2024-07-16,0.080,0.095,0.110
2024-07-17,0.160,0.165,0.170
2024-07-18,0.090,0.135,0.180
2024-07-19,0.000,0.043,0.100
2024-07-20,0.010,0.035,0.060
2024-07-21,-0.010,0.010,0.030
2024-07-22,-0.010,0.035,0.080
2024-07-23,-0.030,0.015,0.060
2024-07-24,-0.030,0.010,0.050
2024-07-25,-0.030,0.005,0.040
2024-07-26,-0.040,0.007,0.040
2024-07-27,-0.020,0.005,0.030
2024-07-28,-0.020,0.005,0.030
2024-07-29,0.020,0.025,0.030
2024-07-30,-0.010,0.010,0.030
2024-07-31,-0.010,0.030,0.070
2024-08-01,-0.030,0.015,0.060
2024-08-02,-0.010,0.023,0.050
2024-08-03,0.000,0.030,0.060
2024-08-04,-0.020,0.015,0.050
2024-08-05,0.020,0.043,0.050
2024-08-06,-0.010,0.030,0.070
2024-08-07,-0.030,0.005,0.040
2024-08-08,0.010,0.025,0.040
2024-08-09,-0.020,-0.003,0.010
2024-08-10,-0.040,-0.005,0.030
2024-08-11,-0.030,-0.010,0.010
2024-08-12,-0.010,0.015,0.040
2024-08-13,0.030,0.037,0.050
2024-08-14,-0.020,-0.010,0.000
2024-08-15,0.050,0.055,0.060
2024-08-16,0.010,0.020,0.030
2024-08-17,-0.010,0.030,0.070
2024-08-18,0.000,0.015,0.030
2024-08-19,-0.020,0.010,0.040
2024-08-20,0.010,0.020,0.030
2024-08-21,-0.030,0.015,0.060
2024-08-22,0.010,0.015,0.020
2024-08-23,-0.070,0.003,0.050
2024-08-24,-0.020,0.000,0.020
2024-08-25,-0.030,0.005,0.040
2024-08-26,0.000,0.005,0.010
2024-08-27,-0.020,0.010,0.040
2024-08-28,0.010,0.010,0.010
2024-08-29,0.010,0.030,0.050
2024-08-30,0.000,0.015,0.030
2024-08-31,-0.010,0.030,0.070
2024-09-01,0.020,0.030,0.040
2024-09-02,0.030,0.040,0.050
2024-09-03,-0.010,0.030,0.070
2024-09-04,-0.030,0.010,0.050
2024-09-05,0.030,0.035,0.040
2024-09-06,-0.180,-0.018,0.060
2024-09-07,0.050,0.050,0.050
2024-09-08,0.090,0.095,0.100
2024-09-09,0.120,0.123,0.130
2024-09-10,0.150,0.150,0.150
2024-09-11,0.180,0.185,0.190
2024-09-12,0.190,0.200,0.210
2024-09-13,-0.190,0.185,0.280
2024-09-14,0.000,0.060,0.170
2024-09-15,-0.010,0.030,0.070
2024-09-16,0.020,0.025,0.030
2024-09-17,-0.050,0.010,0.070
2024-09-18,0.020,0.020,0.020
2024-09-19,0.050,0.055,0.060
2024-09-20,-0.040,-0.033,-0.030
2024-09-21,0.000,0.005,0.010
2024-09-22,0.050,0.055,0.060
2024-09-23,-0.030,-0.010,0.010
2024-09-24,-0.030,0.015,0.060
2024-09-25,0.020,0.025,0.030
2024-09-26,0.020,0.030,0.050
2024-09-27,0.080,0.148,0.170
2024-09-28,0.070,0.110,0.150
2024-09-29,0.020,0.045,0.070
2024-09-30,0.050,0.085,0.110
2024-10-01,-0.040,0.325,0.740
2024-10-02,-0.260,0.145,0.530
2024-10-03,-0.210,0.138,0.500
2024-10-04,-0.240,-0.045,0.230
2024-10-05,0.040,0.060,0.080
2024-10-06,0.030,0.035,0.040
2024-10-07,-0.010,0.015,0.040
2024-10-08,0.020,0.020,0.020
2024-10-09,-0.020,-0.013,-0.010
2024-10-10,-0.020,-0.010,0.000
2024-10-11,-0.030,0.037,0.140
2024-10-12,-0.010,0.035,0.080
2024-10-13,0.060,0.065,0.070
2024-10-14,0.020,0.050,0.080
2024-10-15,0.030,0.050,0.070
2024-10-16,0.030,0.075,0.120
2024-10-17,0.000,0.010,0.020
2024-10-18,0.000,0.047,0.080
2024-10-19,0.000,0.035,0.070
2024-10-20,0.010,0.015,0.020
2024-10-21,0.020,0.025,0.030
2024-10-22,0.000,0.000,0.000
2024-10-23,-0.010,-0.005,0.000
2024-10-24,-0.010,0.025,0.060
2024-10-25,-0.030,0.043,0.120
2024-10-26,0.050,0.050,0.050
2024-10-27,0.040,0.075,0.110
2024-10-28,-0.190,-0.108,0.070
2024-10-29,-0.200,-0.162,-0.120
2024-10-30,-0.280,-0.183,-0.140
2024-10-31,-0.340,-0.325,-0.310
2024-11-01,-0.480,-0.410,-0.350
2024-11-02,-0.560,-0.545,-0.530
2024-11-03,-0.580,-0.575,-0.570
2024-11-04,-0.590,-0.585,-0.580
2024-11-05,-0.600,-0.590,-0.580
2024-11-06,-0.610,-0.605,-0.600
2024-11-07,-0.610,-0.590,-0.570
2024-11-08,-0.610,-0.573,-0.510
2024-11-09,-0.640,-0.600,-0.560
2024-11-10,-0.580,-0.550,-0.520
2024-11-11,-0.560,-0.530,-0.500
2024-11-12,-0.570,-0.540,-0.510
2024-11-13,-0.590,-0.550,-0.510
2024-11-14,-0.580,-0.545,-0.510
2024-11-15,-0.600,-0.553,-0.520
2024-11-16,-0.580,-0.555,-0.530
2024-11-17,-0.590,-0.585,-0.580
2024-11-18,-0.590,-0.585,-0.580
2024-11-19,-0.620,-0.552,-0.510
2024-11-20,-0.540,-0.510,-0.480
2024-11-21,-0.600,-0.590,-0.580
2024-11-22,-0.600,-0.497,-0.320
2024-11-23,-0.650,-0.625,-0.600
2024-11-24,-0.510,-0.168,0.110
2024-11-25,-0.200,0.222,0.720
2024-11-26,-0.390,0.179,0.740
2024-11-27,-0.480,0.103,0.780
2024-11-28,-0.220,0.217,0.990
2024-11-29,-0.740,-0.021,0.530
2024-11-30,-0.790,-0.176,0.270
2024-12-01,-0.750,-0.428,-0.120
2024-12-02,-0.750,-0.349,0.010
2024-12-03,-0.390,-0.244,-0.160
2024-12-04,-0.470,-0.470,-0.470
2024-12-05,-0.580,-0.338,-0.150
2024-12-06,-0.530,-0.138,0.180
2024-12-07,-0.640,-0.109,0.200
2024-12-08,0.070,0.385,0.860
2024-12-09,0.220,0.743,1.340
2024-12-10,0.210,0.387,0.810
2024-12-11,-0.140,0.231,0.720
2024-12-12,-0.210,0.143,0.600
2024-12-13,-0.220,-0.005,0.250
2024-12-14,-0.770,-0.350,-0.120
2024-12-15,-0.820,-0.463,-0.140
2024-12-16,-0.410,-0.159,0.050
2024-12-17,-0.850,-0.149,0.170
2024-12-18,-0.610,-0.319,-0.160
2024-12-19,-0.150,0.512,1.460
2024-12-20,0.470,0.783,1.170
2024-12-21,0.100,0.386,0.820
2024-12-22,0.090,0.224,0.360
2024-12-23,-0.200,0.082,0.320
2024-12-24,-0.200,-0.107,0.140
2024-12-25,-0.490,-0.175,0.030
2024-12-26,-0.210,-0.158,-0.070
2024-12-27,-0.720,-0.480,-0.260
2024-12-28,-0.260,-0.255,-0.250
2024-12-29,-0.230,-0.230,-0.230
2024-12-30,-0.370,-0.325,-0.280
2024-12-31,-0.520,-0.460,-0.400
2025-01-01,-0.730,-0.638,-0.520
2025-01-02,-0.500,-0.455,-0.410
2025-01-03,-0.400,-0.360,-0.330
2025-01-04,-0.390,-0.390,-0.390
2025-01-05,-0.380,-0.090,0.200
2025-01-06,0.230,1.056,2.300
2025-01-07,1.250,1.793,2.300
2025-01-08,1.020,1.682,2.300
2025-01-09,1.300,1.320,1.340
2025-01-10,0.210,0.802,1.330
2025-01-11,0.090,0.315,0.840
2025-01-12,-0.210,0.143,0.390
2025-01-13,-0.220,-0.095,0.110
2025-01-14,-0.220,-0.192,-0.150
2025-01-15,-0.350,-0.234,-0.160
2025-01-16,-0.590,-0.301,-0.160
2025-01-17,-0.680,-0.415,-0.210
2025-01-18,-0.510,-0.490,-0.470
2025-01-19,-0.440,-0.257,-0.150
2025-01-20,-0.400,-0.310,-0.150
2025-01-21,-0.500,-0.350,-0.190
2025-01-22,-0.420,-0.415,-0.410
2025-01-23,-0.300,-0.290,-0.280
2025-01-24,-0.920,-0.621,-0.180
2025-01-25,-0.520,-0.413,-0.300
2025-01-26,-0.700,-0.512,-0.180
2025-01-27,-0.700,-0.398,-0.020
2025-01-28,-0.280,0.093,0.330
2025-01-29,0.110,0.212,0.320
2025-01-30,-0.180,0.113,0.300
2025-01-31,-0.380,-0.085,0.120
2025-02-01,-0.580,-0.348,-0.160
2025-02-02,-0.820,-0.640,-0.370
2025-02-03,-0.350,-0.267,-0.150
2025-02-04,-0.730,-0.352,-0.130
2025-02-05,-0.790,-0.736,-0.670
2025-02-06,-0.780,-0.737,-0.710
2025-02-07,-0.730,-0.632,-0.520
2025-02-08,-0.380,-0.375,-0.370
2025-02-09,-0.400,-0.395,-0.390
2025-02-10,-0.440,-0.440,-0.440
2025-02-11,-0.740,-0.650,-0.470
2025-02-12,-0.730,-0.603,-0.420
2025-02-13,-0.350,-0.250,-0.150
2025-02-14,-0.280,-0.198,-0.140
2025-02-15,-0.340,-0.217,-0.150
2025-02-16,-0.350,-0.232,-0.150
2025-02-17,-0.310,-0.196,-0.120
2025-02-18,-0.520,-0.294,-0.150
2025-02-19,-0.760,-0.626,-0.340
2025-02-20,-0.810,-0.723,-0.590
2025-02-21,-0.400,-0.370,-0.320
2025-02-22,-0.180,-0.127,-0.060
2025-02-23,-0.140,-0.026,0.080
2025-02-24,-0.130,0.000,0.140
2025-02-25,-0.200,-0.014,0.160
2025-02-26,-0.500,-0.241,-0.070
2025-02-27,-0.320,-0.230,-0.160
2025-02-28,-0.280,-0.209,-0.150
2025-03-01,-0.330,-0.280,-0.200
2025-03-02,-0.490,-0.455,-0.420
2025-03-03,-0.640,-0.610,-0.580
2025-03-04,-0.830,-0.735,-0.660
2025-03-05,-0.920,-0.783,-0.710
2025-03-06,-0.780,-0.670,-0.560
2025-03-07,-0.620,-0.503,-0.430
2025-03-08,-0.430,-0.420,-0.410
2025-03-09,-0.420,-0.395,-0.370
2025-03-10,-0.450,-0.440,-0.430
2025-03-11,-0.500,-0.485,-0.470
2025-03-12,-0.550,-0.500,-0.430
2025-03-13,-0.580,-0.555,-0.530
2025-03-14,-0.620,-0.588,-0.550
2025-03-15,-0.610,-0.575,-0.540
2025-03-16,-0.600,-0.585,-0.570
2025-03-17,-0.610,-0.595,-0.580
2025-03-18,-0.620,-0.605,-0.590
2025-03-19,-0.610,-0.600,-0.590
2025-03-20,-0.620,-0.610,-0.600
2025-03-21,-0.620,-0.573,-0.500
2025-03-22,-0.630,-0.578,-0.520
2025-03-23,-0.480,-0.430,-0.400
2025-03-24,-0.340,-0.330,-0.320
2025-03-25,-0.420,-0.410,-0.400
2025-03-26,-0.580,-0.540,-0.500
2025-03-27,-0.570,-0.555,-0.540
2025-03-28,-0.610,-0.587,-0.560
2025-03-29,-0.580,-0.570,-0.560
2025-03-30,-0.620,-0.610,-0.600
2025-03-31,-0.600,-0.573,-0.540
2025-04-01,-0.620,-0.615,-0.610
2025-04-02,-0.610,-0.595,-0.580
2025-04-03,-0.600,-0.585,-0.570
2025-04-04,-0.600,-0.537,-0.450
2025-04-05,-0.630,-0.600,-0.570
2025-04-06,-0.560,-0.515,-0.470
2025-04-07,-0.530,-0.495,-0.460
2025-04-08,-0.630,-0.575,-0.520
2025-04-09,-0.570,-0.543,-0.520
2025-04-10,-0.630,-0.595,-0.560
2025-04-11,-0.650,-0.588,-0.520
2025-04-12,-0.600,-0.560,-0.520
2025-04-13,-0.600,-0.595,-0.590
2025-04-14,-0.640,-0.550,-0.470
2025-04-15,-0.470,-0.428,-0.380
2025-04-16,-0.300,-0.248,-0.230
2025-04-17,-0.170,-0.160,-0.150
2025-04-18,-0.120,-0.113,-0.110
2025-04-19,-0.090,-0.085,-0.080
2025-04-20,-0.040,-0.025,-0.010
2025-04-21,0.000,0.020,0.040
2025-04-22,0.030,0.035,0.040
2025-04-23,0.020,0.025,0.030
2025-04-24,0.010,0.045,0.080
2025-04-25,0.000,0.037,0.070
2025-04-26,0.050,0.050,0.050
2025-04-27,-0.010,0.010,0.030
2025-04-28,0.030,0.035,0.040
2025-04-29,-0.010,-0.005,0.000
2025-04-30,-0.050,0.005,0.060
2025-05-01,0.000,0.010,0.020
2025-05-02,-0.030,0.023,0.050
2025-05-03,-0.030,0.010,0.050
2025-05-04,0.020,0.025,0.030
2025-05-05,-0.020,-0.015,-0.010
2025-05-06,0.040,0.045,0.050
2025-05-07,0.000,0.040,0.080
2025-05-08,0.000,0.035,0.070
2025-05-09,-0.020,0.030,0.070
2025-05-10,-0.040,0.010,0.060
2025-05-11,0.000,0.030,0.060
2025-05-12,0.010,0.030,0.050
2025-05-13,-0.020,-0.003,0.010
2025-05-14,-0.020,0.025,0.070
2025-05-15,-0.020,0.025,0.070
2025-05-16,-0.010,0.020,0.040
2025-05-17,-0.070,-0.015,0.040
2025-05-18,0.020,0.025,0.030
2025-05-19,-0.040,0.005,0.050
2025-05-20,0.010,0.020,0.030
2025-05-21,-0.020,0.000,0.020
2025-05-22,0.040,0.050,0.060
2025-05-23,0.000,0.053,0.090
2025-05-24,0.000,0.030,0.060
2025-05-25,-0.010,0.015,0.040
2025-05-26,0.010,0.020,0.030
2025-05-27,0.000,0.030,0.060
2025-05-28,-0.030,0.030,0.070
2025-05-29,-0.030,0.000,0.030
2025-05-30,0.010,0.028,0.040
2025-05-31,-0.030,-0.005,0.020
2025-06-01,-0.040,0.010,0.060
2025-06-02,0.010,0.010,0.010
2025-06-03,0.000,0.020,0.040
2025-06-04,0.020,0.030,0.040
2025-06-05,0.040,0.050,0.060
2025-06-06,-0.010,0.020,0.050
2025-06-07,0.010,0.045,0.080
2025-06-08,0.000,0.035,0.070
2025-06-09,0.040,0.045,0.050
2025-06-10,-0.020,-0.010,0.000
2025-06-11,0.020,0.030,0.040
2025-06-12,0.040,0.047,0.050
2025-06-13,-0.040,-0.027,-0.020
2025-06-14,-0.020,-0.010,0.000
2025-06-15,-0.020,-0.010,0.000
2025-06-16,-0.020,-0.010,0.000
2025-06-17,-0.020,-0.010,0.000
2025-06-18,-0.020,0.000,0.010
2025-06-19,-0.030,-0.010,0.010
2025-06-20,-0.010,0.000,0.010
2025-06-21,-0.010,0.000,0.010
2025-06-22,0.020,0.020,0.020
2025-06-23,0.010,0.010,0.010
2025-06-24,0.000,0.000,0.000
2025-06-25,-0.040,-0.030,-0.020
2025-06-26,-0.030,-0.025,-0.020
2025-06-27,-0.030,-0.023,-0.020
2025-06-28,-0.050,-0.040,-0.030
2025-06-29,-0.070,-0.055,-0.040
2025-06-30,-0.090,-0.070,-0.050
2025-07-01,-0.100,-0.077,-0.060
2025-07-02,-0.070,-0.065,-0.060
2025-07-03,-0.080,-0.070,-0.060
2025-07-04,-0.070,-0.070,-0.070
2025-07-05,-0.070,-0.060,-0.050
2025-07-06,-0.060,-0.060,-0.060
2025-07-07,-0.050,-0.037,-0.030
2025-07-08,-0.070,-0.045,-0.020
2025-07-09,-0.060,-0.045,-0.030
2025-07-10,-0.090,-0.065,-0.040
2025-07-11,-0.110,-0.073,-0.050
2025-07-12,-0.110,-0.085,-0.060
2025-07-13,-0.110,-0.090,-0.070
2025-07-14,-0.090,-0.090,-0.090
2025-07-15,-0.090,-0.087,-0.080
2025-07-16,-0.110,-0.090,-0.070
2025-07-17,-0.080,-0.080,-0.080
2025-07-18,-0.100,-0.080,-0.070
2025-07-19,-0.070,-0.050,-0.030
2025-07-20,-0.020,-0.010,0.000
2025-07-21,0.010,0.015,0.020
2025-07-22,0.040,0.045,0.050
2025-07-23,-0.030,0.010,0.050
2025-07-24,0.000,0.005,0.010
2025-07-25,0.020,0.027,0.030
2025-07-26,0.040,0.040,0.040
2025-07-27,-0.040,0.010,0.060
2025-07-28,-0.020,-0.015,-0.010
2025-07-29,-0.010,-0.005,0.000
2025-07-30,0.010,0.010,0.010
2025-07-31,0.010,0.015,0.020
2025-08-01,0.030,0.030,0.030
2025-08-02,0.040,0.040,0.040
2025-08-03,0.030,0.030,0.030
2025-08-04,0.030,0.050,0.070
2025-08-05,0.000,0.000,0.000
2025-08-06,0.030,0.030,0.030
2025-08-07,-0.050,0.000,0.050
2025-08-08,-0.010,-0.007,0.000
2025-08-09,0.020,0.025,0.030
2025-08-10,0.010,0.020,0.030
2025-08-11,0.000,0.020,0.040
2025-08-12,0.000,0.020,0.040
2025-08-13,0.030,0.035,0.040
2025-08-14,-0.020,-0.020,-0.020
2025-08-15,-0.060,-0.023,0.000
2025-08-16,-0.030,-0.020,-0.010
2025-08-17,-0.020,-0.015,-0.010
2025-08-18,-0.020,-0.010,0.000
2025-08-19,-0.010,0.000,0.010
2025-08-20,-0.020,-0.005,0.010
2025-08-21,-0.020,-0.005,0.010
2025-08-22,-0.020,-0.010,0.000
2025-08-23,-0.040,-0.025,-0.010
2025-08-24,-0.040,-0.035,-0.030
2025-08-25,-0.040,-0.040,-0.040
2025-08-26,-0.070,-0.060,-0.050
2025-08-27,-0.060,-0.060,-0.060
2025-08-28,-0.060,-0.060,-0.060
2025-08-29,-0.060,-0.057,-0.050
2025-08-30,-0.050,-0.050,-0.050
2025-08-31,-0.030,-0.030,-0.030
2025-09-01,-0.020,-0.015,-0.010
2025-09-02,0.000,0.005,0.010
2025-09-03,0.030,0.035,0.040
2025-09-04,0.050,0.055,0.060
2025-09-05,-0.030,0.033,0.070
2025-09-06,0.000,0.000,0.000
2025-09-07,0.020,0.025,0.030
2025-09-08,-0.050,0.000,0.050
2025-09-09,-0.050,-0.035,-0.020
2025-09-10,-0.030,-0.025,-0.020
2025-09-11,-0.010,-0.010,-0.010
2025-09-12,-0.020,-0.007,0.000
2025-09-13,0.010,0.010,0.010
2025-09-14,0.000,0.005,0.010
2025-09-15,0.040,0.045,0.050
2025-09-16,0.000,0.000,0.000
2025-09-17,0.010,0.030,0.050
2025-09-18,-0.020,0.020,0.060
2025-09-19,-0.010,-0.010,-0.010
2025-09-20,0.020,0.025,0.030
2025-09-21,0.000,0.015,0.030
2025-09-22,0.010,0.030,0.050
2025-09-23,-0.030,0.015,0.060
2025-09-24,-0.030,-0.015,0.000
2025-09-25,-0.030,-0.005,0.020
2025-09-26,0.010,0.017,0.020
2025-09-27,0.010,0.015,0.020
2025-09-28,0.020,0.020,0.020
2025-09-29,0.030,0.040,0.050
2025-09-30,0.040,0.053,0.060
2025-10-01,0.070,0.080,0.090
2025-10-02,0.100,0.100,0.100
2025-10-03,0.110,0.145,0.180
2025-10-04,0.150,0.190,0.240
2025-10-05,0.170,0.175,0.180
2025-10-06,0.150,0.160,0.170
2025-10-07,0.180,0.185,0.190
2025-10-08,0.170,0.180,0.190
2025-10-09,0.180,0.185,0.190
2025-10-10,0.190,0.190,0.190
2025-10-11,0.190,0.200,0.210
2025-10-12,0.210,0.210,0.210
2025-10-13,0.210,0.215,0.220
2025-10-14,0.220,0.220,0.220
2025-10-15,-2.110,-0.202,0.250
2025-10-16,-2.110,-0.228,0.250
2025-10-17,-2.110,-0.053,0.260
2025-10-18,0.000,0.015,0.030
2025-10-19,0.000,0.010,0.020
2025-10-20,0.000,0.020,0.040
2025-10-21,0.000,0.025,0.050
2025-10-22,0.020,0.023,0.030
2025-10-23,0.030,0.030,0.030
2025-10-24,-2.110,-0.212,0.050
2025-10-25,0.000,0.025,0.040
2025-10-26,0.000,0.025,0.050
2025-10-27,0.000,0.000,0.000
2025-10-28,-0.020,0.000,0.020
2025-10-29,0.010,0.020,0.030
2025-10-30,0.000,0.013,0.020
2025-10-31,0.010,0.027,0.040
2025-11-01,-0.010,0.019,0.080
2025-11-02,-0.010,0.025,0.060
2025-11-03,-0.240,-0.100,0.030
2025-11-04,-0.240,-0.200,-0.150
2025-11-05,-0.400,-0.375,-0.350
2025-11-06,-0.580,-0.420,-0.330
2025-11-07,-0.630,-0.593,-0.550
2025-11-08,-0.610,-0.585,-0.560
2025-11-09,-0.630,-0.605,-0.580
2025-11-10,-0.620,-0.585,-0.550
2025-11-11,-0.620,-0.580,-0.540
2025-11-12,-0.610,-0.569,-0.540
2025-11-13,-0.530,-0.513,-0.480
2025-11-14,-0.630,-0.499,-0.380
2025-11-15,-0.580,-0.096,0.320
2025-11-16,-0.200,0.106,0.390
2025-11-17,-0.230,-0.070,0.120
2025-11-18,-0.960,-0.484,-0.150
2025-11-19,-0.630,-0.513,-0.380
2025-11-20,-0.500,-0.500,-0.500
2025-11-21,-0.630,-0.570,-0.530
2025-11-22,-0.580,-0.580,-0.580
2025-11-23,-0.580,-0.575,-0.570
2025-11-24,-0.520,-0.475,-0.430
2025-11-25,-0.750,-0.658,-0.540
2025-11-26,-0.610,-0.610,-0.610
2025-11-27,-0.630,-0.625,-0.620
2025-11-28,-0.640,-0.557,-0.500
2025-11-29,-0.610,-0.498,-0.430
2025-11-30,-0.330,-0.280,-0.230
2025-12-01,-0.580,-0.274,-0.140
2025-12-02,-0.310,-0.238,-0.140
2025-12-03,-0.290,-0.186,-0.120
2025-12-04,-0.420,-0.370,-0.320
2025-12-05,-0.610,-0.116,0.120
2025-12-06,-0.290,0.088,0.360
2025-12-07,-0.190,0.055,0.320
2025-12-08,-0.440,-0.133,0.140
2025-12-09,-0.500,-0.198,0.110
2025-12-10,-0.390,0.009,0.240
2025-12-11,-0.210,-0.022,0.310
2025-12-12,-0.200,-0.043,0.160
2025-12-13,-0.410,-0.109,0.110
2025-12-14,-0.240,-0.195,-0.150
2025-12-15,-0.450,-0.320,-0.260
2025-12-16,-0.550,-0.126,0.360
2025-12-17,-0.500,0.306,0.990
2025-12-18,-0.190,0.230,0.640
2025-12-19,0.000,0.541,1.420
2025-12-20,0.190,0.463,0.910
2025-12-21,0.010,0.219,0.410
2025-12-22,-0.200,0.095,0.330
2025-12-23,-0.180,0.020,0.260
2025-12-24,-0.450,-0.097,0.230
2025-12-25,-0.520,-0.277,-0.150
2025-12-26,-0.570,-0.277,0.020
2025-12-27,-0.590,-0.378,-0.150
2025-12-28,-0.500,-0.480,-0.460
2025-12-29,-0.400,-0.395,-0.390
2025-12-30,-0.440,-0.350,-0.260
2025-12-31,-0.530,-0.485,-0.440
2026-01-01,-0.520,-0.515,-0.510
2026-01-02,-0.520,-0.470,-0.410
2026-01-03,-0.640,-0.610,-0.580
2026-01-04,-0.670,-0.665,-0.660
2026-01-05,-0.670,-0.670,-0.670
2026-01-06,-0.720,-0.715,-0.710
2026-01-07,-0.750,-0.735,-0.720
2026-01-08,-0.740,-0.650,-0.580
2026-01-09,-0.790,-0.157,1.360
2026-01-10,0.300,0.889,1.490
2026-01-11,-0.220,0.056,0.400
2026-01-12,-0.210,0.210,0.480
2026-01-13,0.110,0.248,0.530
2026-01-14,-0.210,0.205,0.400
2026-01-15,-0.320,0.076,0.300
2026-01-16,-0.100,0.793,1.760
2026-01-17,0.470,0.813,1.350
2026-01-18,0.070,0.431,0.860
2026-01-19,0.080,0.238,0.510
2026-01-20,-0.210,0.091,0.330
2026-01-21,-0.280,-0.035,0.180
2026-01-22,-0.550,-0.056,0.340
2026-01-23,-0.320,0.055,0.370
2026-01-24,-0.280,0.073,0.360
2026-01-25,-0.330,0.019,0.320
2026-01-26,-0.330,-0.002,0.310
2026-01-27,-0.520,-0.056,0.410
2026-01-28,0.080,0.446,1.110
2026-01-29,0.120,0.360,0.970
2026-01-30,-0.200,0.229,0.640
2026-01-31,-0.200,0.161,0.510
2026-02-01,-0.230,0.119,0.380
2026-02-02,-0.210,0.084,0.320
2026-02-03,-0.210,-0.060,0.110
2026-02-04,-0.370,-0.212,-0.140
2026-02-05,-0.540,-0.193,0.110
2026-02-06,-0.600,0.467,1.520
2026-02-07,0.230,1.168,1.640
